routeStationId	latitude	longitude	index
25c796ae-8c2a-45e6-ba21-09b30e6788b9	12.94059	100.897739	3
b5d290ec-8baa-4b7a-ad37-921199a973bc	12.926331	100.875498	1
a8b3895c-2f83-436e-92b9-d79d72b2d549	12.924114	100.872533	2
f19836b0-5857-425e-8743-4f53eb6f2059	12.919834	100.893966	7
4d801fbc-bd86-4e85-a1bf-0358b3c4d32e	12.929191	100.888521	8
a8b3895c-2f83-436e-92b9-d79d72b2d549	12.924348	100.870056	12
f8726964-4463-4ae2-af8e-61b0686f68b8	12.926261	100.890297	16
25c796ae-8c2a-45e6-ba21-09b30e6788b9	12.941303	100.897525	5
a8b3895c-2f83-436e-92b9-d79d72b2d549	12.924302	100.867528	23
f19836b0-5857-425e-8743-4f53eb6f2059	12.918944	100.89667	0
2f278289-6d34-4aab-b03d-2e9d53878732	12.918608	100.8966	2
1b70c501-0c87-4b9f-a3ec-3af46283dc4c	12.916794	100.89647	16
ef93960a-e6a2-49eb-a3eb-44419803f074	12.916852	100.896495	1
25c796ae-8c2a-45e6-ba21-09b30e6788b9	12.939364	100.897674	1
f8726964-4463-4ae2-af8e-61b0686f68b8	12.925481	100.890676	13
4c4d9aa0-be42-4ce1-945f-a1fa0a017d5d	12.941053	100.889638	2
a8b3895c-2f83-436e-92b9-d79d72b2d549	12.92435	100.871813	5
cf6261e1-ac36-41de-a0f2-2b62ec3480ea	12.938628	100.902513	1
4d801fbc-bd86-4e85-a1bf-0358b3c4d32e	12.929073	100.88868	6
ef93960a-e6a2-49eb-a3eb-44419803f074	12.916794	100.89647	0
25c796ae-8c2a-45e6-ba21-09b30e6788b9	12.942134	100.896395	7
b03040e5-a635-45c6-b51c-bf32334b1af8	12.939145	100.899694	1
1b70c501-0c87-4b9f-a3ec-3af46283dc4c	12.915982	100.899605	10
fa455ce4-3f00-426e-bd90-4111adfb4dd3	12.94209	100.88565	3
1f12eb9f-b1a1-40a2-bd8a-31380bf0321a	12.94358	100.893562	4
a8b3895c-2f83-436e-92b9-d79d72b2d549	12.924035	100.867934	20
a88cb99a-a15b-42b0-a2bf-d9be23c9e2e9	12.926986	100.879376	2
1b70c501-0c87-4b9f-a3ec-3af46283dc4c	12.91495	100.900808	5
f19836b0-5857-425e-8743-4f53eb6f2059	12.919415	100.895769	4
850fb373-2514-4c2e-8055-87bfb52c4bc6	12.929543	100.886768	2
1b70c501-0c87-4b9f-a3ec-3af46283dc4c	12.913129	100.90157	2
1f12eb9f-b1a1-40a2-bd8a-31380bf0321a	12.942815	100.894309	2
f8726964-4463-4ae2-af8e-61b0686f68b8	12.921193	100.89226	3
b03040e5-a635-45c6-b51c-bf32334b1af8	12.939729	100.900264	0
f8726964-4463-4ae2-af8e-61b0686f68b8	12.926587	100.889966	17
a8b3895c-2f83-436e-92b9-d79d72b2d549	12.923869	100.86874	17
cf6261e1-ac36-41de-a0f2-2b62ec3480ea	12.938428	100.902623	0
f19836b0-5857-425e-8743-4f53eb6f2059	12.920292	100.892922	9
4d801fbc-bd86-4e85-a1bf-0358b3c4d32e	12.92852	100.888521	5
2f278289-6d34-4aab-b03d-2e9d53878732	12.924122	100.898627	0
1b70c501-0c87-4b9f-a3ec-3af46283dc4c	12.914633	100.899462	7
1b70c501-0c87-4b9f-a3ec-3af46283dc4c	12.916571	100.897444	14
1f12eb9f-b1a1-40a2-bd8a-31380bf0321a	12.943325	100.894344	3
a88cb99a-a15b-42b0-a2bf-d9be23c9e2e9	12.927444	100.883523	0
1b70c501-0c87-4b9f-a3ec-3af46283dc4c	12.914612	100.899487	6
a8b3895c-2f83-436e-92b9-d79d72b2d549	12.924365	100.867724	22
a8b3895c-2f83-436e-92b9-d79d72b2d549	12.92421	100.869814	13
b5d290ec-8baa-4b7a-ad37-921199a973bc	12.923759	100.872984	6
850fb373-2514-4c2e-8055-87bfb52c4bc6	12.929456	100.88792	1
4d801fbc-bd86-4e85-a1bf-0358b3c4d32e	12.927086	100.889416	1
5064930b-a65b-4ac0-9853-b4ff924f67dc	12.92499	100.904746	0
a8b3895c-2f83-436e-92b9-d79d72b2d549	12.923971	100.872676	1
f8726964-4463-4ae2-af8e-61b0686f68b8	12.922295	100.891745	6
4c4d9aa0-be42-4ce1-945f-a1fa0a017d5d	12.941136	100.890534	1
1f12eb9f-b1a1-40a2-bd8a-31380bf0321a	12.942785	100.891444	6
4d801fbc-bd86-4e85-a1bf-0358b3c4d32e	12.927314	100.888891	2
cf6261e1-ac36-41de-a0f2-2b62ec3480ea	12.939112	100.901932	3
f8726964-4463-4ae2-af8e-61b0686f68b8	12.921523	100.892424	4
f8726964-4463-4ae2-af8e-61b0686f68b8	12.924116	100.89147	10
cf6261e1-ac36-41de-a0f2-2b62ec3480ea	12.939337	100.901343	4
a8b3895c-2f83-436e-92b9-d79d72b2d549	12.924354	100.867871	21
a8b3895c-2f83-436e-92b9-d79d72b2d549	12.924464	100.871619	6
f19836b0-5857-425e-8743-4f53eb6f2059	12.919033	100.895032	6
850fb373-2514-4c2e-8055-87bfb52c4bc6	12.929411	100.88872	0
4c4d9aa0-be42-4ce1-945f-a1fa0a017d5d	12.941393	100.887891	5
a8b3895c-2f83-436e-92b9-d79d72b2d549	12.924117	100.872324	3
1f12eb9f-b1a1-40a2-bd8a-31380bf0321a	12.942654	100.894524	1
a8b3895c-2f83-436e-92b9-d79d72b2d549	12.923846	100.869139	15
a88cb99a-a15b-42b0-a2bf-d9be23c9e2e9	12.926155	100.875327	5
f19836b0-5857-425e-8743-4f53eb6f2059	12.919063	100.89624	1
1f12eb9f-b1a1-40a2-bd8a-31380bf0321a	12.942548	100.894719	0
f8726964-4463-4ae2-af8e-61b0686f68b8	12.92378	100.891424	9
2f278289-6d34-4aab-b03d-2e9d53878732	12.918944	100.89667	3
25c796ae-8c2a-45e6-ba21-09b30e6788b9	12.940737	100.897215	4
ef93960a-e6a2-49eb-a3eb-44419803f074	12.924122	100.898627	4
25c796ae-8c2a-45e6-ba21-09b30e6788b9	12.942282	100.896034	8
a8b3895c-2f83-436e-92b9-d79d72b2d549	12.923759	100.872984	0
f19836b0-5857-425e-8743-4f53eb6f2059	12.919232	100.895914	2
1b70c501-0c87-4b9f-a3ec-3af46283dc4c	12.916598	100.897789	13
850fb373-2514-4c2e-8055-87bfb52c4bc6	12.929362	100.885968	4
b5d290ec-8baa-4b7a-ad37-921199a973bc	12.925255	100.873988	2
f8726964-4463-4ae2-af8e-61b0686f68b8	12.924761	100.891216	12
1b70c501-0c87-4b9f-a3ec-3af46283dc4c	12.915062	100.899341	8
f8726964-4463-4ae2-af8e-61b0686f68b8	12.926854	100.88968	18
cf6261e1-ac36-41de-a0f2-2b62ec3480ea	12.938906	100.902382	2
1b70c501-0c87-4b9f-a3ec-3af46283dc4c	12.914256	100.901719	3
1f12eb9f-b1a1-40a2-bd8a-31380bf0321a	12.943157	100.892482	5
b5d290ec-8baa-4b7a-ad37-921199a973bc	12.923939	100.873056	5
f19836b0-5857-425e-8743-4f53eb6f2059	12.919064	100.895141	5
fa455ce4-3f00-426e-bd90-4111adfb4dd3	12.942643	100.884765	4
25c796ae-8c2a-45e6-ba21-09b30e6788b9	12.942507	100.89491	10
f8726964-4463-4ae2-af8e-61b0686f68b8	12.920563	100.892651	1
4d801fbc-bd86-4e85-a1bf-0358b3c4d32e	12.929411	100.88872	9
fa455ce4-3f00-426e-bd90-4111adfb4dd3	12.94162	100.88698	2
1b70c501-0c87-4b9f-a3ec-3af46283dc4c	12.911991	100.901931	0
25c796ae-8c2a-45e6-ba21-09b30e6788b9	12.941413	100.896322	6
a8b3895c-2f83-436e-92b9-d79d72b2d549	12.92438	100.867375	24
b5d290ec-8baa-4b7a-ad37-921199a973bc	12.92447	100.873183	3
1b70c501-0c87-4b9f-a3ec-3af46283dc4c	12.916747	100.898775	12
4c4d9aa0-be42-4ce1-945f-a1fa0a017d5d	12.941135	100.888407	4
4d801fbc-bd86-4e85-a1bf-0358b3c4d32e	12.927689	100.888451	3
b03040e5-a635-45c6-b51c-bf32334b1af8	12.938472	100.898765	2
ef93960a-e6a2-49eb-a3eb-44419803f074	12.917686	100.896753	2
f8726964-4463-4ae2-af8e-61b0686f68b8	12.923494	100.891514	8
a8b3895c-2f83-436e-92b9-d79d72b2d549	12.923799	100.869001	16
1b70c501-0c87-4b9f-a3ec-3af46283dc4c	12.912027	100.901462	1
fa455ce4-3f00-426e-bd90-4111adfb4dd3	12.941393	100.887891	0
2f278289-6d34-4aab-b03d-2e9d53878732	12.918535	100.896979	1
25c796ae-8c2a-45e6-ba21-09b30e6788b9	12.942597	100.896092	9
f8726964-4463-4ae2-af8e-61b0686f68b8	12.920869	100.892353	2
f19836b0-5857-425e-8743-4f53eb6f2059	12.919266	100.895845	3
f8726964-4463-4ae2-af8e-61b0686f68b8	12.92608	100.89044	15
f8726964-4463-4ae2-af8e-61b0686f68b8	12.924513	100.891411	11
4d801fbc-bd86-4e85-a1bf-0358b3c4d32e	12.926854	100.88968	0
cf6261e1-ac36-41de-a0f2-2b62ec3480ea	12.939729	100.900264	5
a8b3895c-2f83-436e-92b9-d79d72b2d549	12.924206	100.87203	4
a8b3895c-2f83-436e-92b9-d79d72b2d549	12.923998	100.86923	14
b5d290ec-8baa-4b7a-ad37-921199a973bc	12.926155	100.875327	0
4c4d9aa0-be42-4ce1-945f-a1fa0a017d5d	12.941052	100.888969	3
25c796ae-8c2a-45e6-ba21-09b30e6788b9	12.938472	100.898765	0
850fb373-2514-4c2e-8055-87bfb52c4bc6	12.928614	100.884676	8
850fb373-2514-4c2e-8055-87bfb52c4bc6	12.929114	100.88529	5
850fb373-2514-4c2e-8055-87bfb52c4bc6	12.929493	100.886417	3
f19836b0-5857-425e-8743-4f53eb6f2059	12.919541	100.893654	8
1b70c501-0c87-4b9f-a3ec-3af46283dc4c	12.916756	100.899558	11
a8b3895c-2f83-436e-92b9-d79d72b2d549	12.92457	100.8714	7
5064930b-a65b-4ac0-9853-b4ff924f67dc	12.923067	100.903052	2
25c796ae-8c2a-45e6-ba21-09b30e6788b9	12.940388	100.898288	2
5064930b-a65b-4ac0-9853-b4ff924f67dc	12.911991	100.901931	4
850fb373-2514-4c2e-8055-87bfb52c4bc6	12.927444	100.883523	10
f8726964-4463-4ae2-af8e-61b0686f68b8	12.922804	100.891745	7
ef93960a-e6a2-49eb-a3eb-44419803f074	12.918051	100.896838	3
f8726964-4463-4ae2-af8e-61b0686f68b8	12.925892	100.890534	14
1b70c501-0c87-4b9f-a3ec-3af46283dc4c	12.915206	100.899688	9
5064930b-a65b-4ac0-9853-b4ff924f67dc	12.923111	100.904008	1
a8b3895c-2f83-436e-92b9-d79d72b2d549	12.923891	100.868429	18
a8b3895c-2f83-436e-92b9-d79d72b2d549	12.924455	100.870924	9
f8726964-4463-4ae2-af8e-61b0686f68b8	12.920292	100.892922	0
5064930b-a65b-4ac0-9853-b4ff924f67dc	12.916822	100.902131	3
1b70c501-0c87-4b9f-a3ec-3af46283dc4c	12.916753	100.89657	15
fa455ce4-3f00-426e-bd90-4111adfb4dd3	12.94135	100.88717	1
850fb373-2514-4c2e-8055-87bfb52c4bc6	12.92903	100.885129	6
a8b3895c-2f83-436e-92b9-d79d72b2d549	12.924301	100.870642	11
25c796ae-8c2a-45e6-ba21-09b30e6788b9	12.942548	100.894719	11
b5d290ec-8baa-4b7a-ad37-921199a973bc	12.924274	100.873094	4
a8b3895c-2f83-436e-92b9-d79d72b2d549	12.924691	100.871046	8
f8726964-4463-4ae2-af8e-61b0686f68b8	12.921775	100.892192	5
a88cb99a-a15b-42b0-a2bf-d9be23c9e2e9	12.926676	100.877902	3
a88cb99a-a15b-42b0-a2bf-d9be23c9e2e9	12.928981	100.881709	1
850fb373-2514-4c2e-8055-87bfb52c4bc6	12.928143	100.884346	9
4d801fbc-bd86-4e85-a1bf-0358b3c4d32e	12.928271	100.888393	4
4c4d9aa0-be42-4ce1-945f-a1fa0a017d5d	12.942785	100.891444	0
a8b3895c-2f83-436e-92b9-d79d72b2d549	12.923911	100.868044	19
1b70c501-0c87-4b9f-a3ec-3af46283dc4c	12.914393	100.900968	4
a8b3895c-2f83-436e-92b9-d79d72b2d549	12.924461	100.867271	25
a8b3895c-2f83-436e-92b9-d79d72b2d549	12.924313	100.870813	10
850fb373-2514-4c2e-8055-87bfb52c4bc6	12.929077	100.885026	7
a88cb99a-a15b-42b0-a2bf-d9be23c9e2e9	12.927455	100.877017	4
4d801fbc-bd86-4e85-a1bf-0358b3c4d32e	12.929118	100.888637	7
