stationId	name	latitude	longitude	sensorType	crossSectionArea	heightRef
0058b27d-bce5-48e8-9529-bb1e2cada878	MEGA HOME	12.904581	100.896446	TUNNEL	0	0.85
75a3fccc-2031-4e6a-aad7-f79cd32ba4af	PS สโมสรเรือใบราชวรุณ	12.918207	100.857875	TUNNEL	0	6
9f43929d-bbc0-405e-9497-997278acd26d	ซอยบัวขาว (หน้า Tree Town)	12.931509	100.886428	ROAD	0	0.3
3faf545c-05bc-45f1-bda2-cff612ece985	ปากซอยวัดธรรมสามัคคี	12.916716	100.896435	TUNNEL	0	1.05
56cddfb8-9b60-475e-b94b-47d04533bcd6	ซอยบงกช8 (ซอยแบทแมน)	12.919351	100.894608	TUNNEL	0	1.95
7cc9e77b-11f4-4399-a5b9-81dc90ce4ea1	สถานีสูบน้ำเสียคลองปลึกพลับ (PSK)	12.969779	100.902053	TUNNEL	0	1.4
ae269a85-c705-4834-adaa-4bf8c849588d	ตลาดใหม่นาเกลือ	12.969587	100.907521	TUNNEL	0	1.95
6e2ea960-4fc8-4dd9-96a9-5f9a23ed2af5	PS สโมสรเรือใบราชวรุณ	12.918207	100.857875	ROAD	0	0.3
f7542b5f-929a-46f6-b3e7-eba0c23bc107	พัทยาสาย 2 (ข้างโรงแรมคาเมลอท)	12.923099	100.872495	TUNNEL	0	1.45
9506f761-29c0-4bbd-9635-24a5b920a6be	ปากคลองพัทยาใต้ (ตรงข้ามซอยเย็นสบาย)	12.923782	100.872935	TUNNEL	0	2
4ed52a8c-c9ea-47d6-a683-9cd9c42a646f	วงเวียนปลาโลมา (ซอยนาเกลือ 24)	12.951229	100.883817	ROAD	0	0.3
8b7f1338-2942-4605-b15b-1bba1e5fc95d	ซอยบัวขาว 15	12.927494	100.883447	TUNNEL	0	1.5
f121492e-9684-4d89-ba8f-77c06bf2ccb1	คลองเพนียดช้าง	12.939746	100.900247	TUNNEL	0	1.3
ab9a58dd-4b35-499d-b963-4d6e015b5736	SUMP4	12.91199	100.901927	ROAD	0	0.3
3510bba7-bc47-4354-9961-3956892f35b4	ซอย Hollywood	12.942709	100.891442	TUNNEL	0	2
d351b601-2afc-4d41-98cd-90a866a26174	หน้าวิทยาลัยเทคนิคพัทยา	12.982378	100.924214	TUNNEL	0	0.95
2e3d6a90-14f6-4d31-a646-f6badf5b57a5	PS12	12.924462	100.867271	TUNNEL	0	3.2
9f3d9154-39c3-4080-a662-b2ce2a34bd32	ซอยแตงโม (บัวขาว)	12.932967	100.887507	ROAD	0	0.3
c6f2b079-7cf2-4c18-8fc8-2ff04f35a2cc	SUMP6 (ใน BOX ลอดรถไฟ)	12.885306	100.90319	TUNNEL	0	2.5
ac60b824-ba57-4e30-80e5-7e9d5336820e	หน้า Lakeland (ร่องกลางสุขุมวิท)	12.88412	100.897876	ROAD	0	0.3
0b4c27f9-0e00-4a42-aa34-36a57804da23	แยกวัดชัยมงคล	12.926155	100.875327	TUNNEL	0	6
849394c1-2382-4a96-996d-4df909d72971	ซอยสุขุมวิทพัทยา 46/4	12.918946	100.896671	TUNNEL	0	1.95
889aaeb1-4eb3-4ef5-bb81-e986eef97daa	SUMP4	12.91199	100.901927	TUNNEL	0	2.2
0535f86e-30ba-42b2-8d19-e7e4877c9876	หน้าถนนสุขุมวิท บริเวณเกาะกลางหน้าโรงเรียนเมือง 4	12.951674	100.906509	ROAD	0	0.3
e7a3f4fd-5c15-4cc0-a7fe-6578731d9424	โรงบำบัดน้ำเสียหนองใหญ่	12.944263	100.916989	TUNNEL	0	10
460fea46-00fe-4c59-8c2f-64ad9f1e555c	สถานีสูบน้ำเสียลานโพธิ์ (PSL)	12.973404	100.906016	TUNNEL	0	2
2fec9b54-0ba7-4536-a3d0-548af5a88d93	ปากซอยสวนมะลิ ชุมชนหัวทุ่ง	12.960243	100.903734	TUNNEL	0	1.85
5cda5d0b-e8ef-47aa-9658-6dc1203a9383	แยกเพนียดช้าง	12.942539	100.894729	TUNNEL	0	1.8
448399cc-e837-4433-89e9-ba64096e61a4	พัทยาสาย 3	12.941127	100.894367	ROAD	0	0.5
2e9c576f-39e4-4319-a71f-4d1573a3a228	ซอยบุณย์กัญจนา 4	12.89361	100.886305	TUNNEL	0	0.7
2f64a8b2-6f2d-4584-8f50-38d9021bb18e	SUMP2	12.918575	100.896776	TUNNEL	0	2
93b4bd40-dd96-477d-bcae-641178915a19	ซอยสุขุมวิท 69	12.924166	100.898623	TUNNEL	0	1.5
2a858a16-281b-431d-81c5-faf520b3a0fb	ปากซอยสวนมะลิ (หน้าชุมชนหัวทุ่ง)	12.960243	100.903734	ROAD	0	0.3
962e142e-2531-45f5-a841-cc0969000057	หมู่บ้านดาราภัณฑ์	12.914619	100.899436	ROAD	0	0.3
e9a4aa34-bf7b-4145-acbf-7f5e1c2d1808	SUMP1	12.938433	100.902621	TUNNEL	0	2
c11bffc2-d4f2-4981-b667-84a0ebaa9063	สามแยกวาย	12.954701	100.913527	TUNNEL	0	1.75
0d930aa0-8d3b-4dc2-a698-bbbd0daf02b2	SUMP5	12.901573	100.90082	TUNNEL	0	2.2
50fa7790-75bb-4a36-9f77-48893d051564	SUMP1 (ร่องกลางถนนสุขุมวิทหน้าบุญถาวร)	12.938433	100.902621	ROAD	0	0.3
e93b5286-f3d0-4175-bdfc-0969102bc823	ซอยข้างธนาคารกรุงเทพ (พัทยาสายสอง4)	12.941412	100.887847	TUNNEL	0	1.8
030f5ba6-1c58-4520-a94b-23a026d4ddea	หน้าห้าง Daynight (ตึกคอม)	12.924052	100.87854	TUNNEL	0	1.5
b8bd37e7-7485-49f7-9c65-26ec964261fe	หนองใหญ่ 2	12.951021	100.907841	TUNNEL	0	1.75
2aca5a91-1858-4ef5-aa45-3795a71e5ae2	ซอยนาเกลือ 13 (ถนนทางเข้าโรงเรียนอักษรใหม่)	12.968119	100.900169	TUNNEL	0	1.7
908269c8-4c97-48f4-a4a2-828e52b405c6	ซอยเทพประสิทธ์ 9 (สามแยก)	12.900269	100.883549	TUNNEL	0	1.8
bfd7245d-b837-4092-829e-2e286bc40285	บริเวณสามแยกบงกช	12.926854	100.88968	TUNNEL	0	1.55
f451b2ba-11c7-4657-8757-77088ae155b5	ซอยเล้งกี่ซอย บงกช6 (หน้า LK Grand Empire)	12.920292	100.892922	TUNNEL	0	1.95
2d48c49a-70d0-4724-98e8-1f89259e6715	ปากซอยวัดบุญสัมพันธ์ 2	12.923153	100.904031	ROAD	0	0.3
4e732ed5-dbdc-42d7-a4b6-c403fed4a79d	หน้า Lakeland	12.88412	100.897876	TUNNEL	0	1.8
ed293994-44bd-4ea9-9b24-77bff9916f90	ซอยบุญสัมพันธ์ 2	12.925055	100.904745	TUNNEL	0	0.8
c03b65d0-5c31-4753-a531-ba84efa1e16d	ปากซอยนาเกลือ 10 (หน้าร้านโจ๊กคุณน้อย)	12.968942	100.90076	ROAD	0	0.3
9d8b519a-fa3a-43fd-a760-0cd14ecd5da7	PS7 (หน้า Walking Street)	12.927762	100.875023	TUNNEL	0	2.1
7a21f6c4-8fdb-4dce-8542-759806a6d554	ซอยเฉลิมพระเกียรติ 23	12.929412	100.888719	TUNNEL	0	1.6
54ea51e6-1a22-4d68-bb4f-c883ff731062	ปากซอยโพธิสาร (ฝั่งถนนสุขุมวิท)	12.952176	100.906413	TUNNEL	0	1
88a5080b-f583-4ce2-b7e3-0f5e7b349d8f	พัทยาสาย 2 ซอย 18 (ซอยเย็นสบาย)	12.923763	100.873117	TUNNEL	0	1.7
e3f019f0-0a33-4cf2-a699-7386abfb3c75	SUMP2 (ร่องกลางถนนสุขุมวิทหน้าปั๊มบางจาก)	12.918575	100.896776	ROAD	0	1
0550c7b5-34d3-4569-863f-9b2aa8b9a643	พัทยาสาย 3	12.941127	100.894367	TUNNEL	0	1.8
1b4058bc-0daf-4a87-8cde-bf675bebaad0	MEGA HOME (ร่องกลางสุขุมวิท)	12.904581	100.896446	ROAD	0	0.3
49b46014-3e91-45a5-98c5-85abd8c30a6a	ซอยเพนียดช้าง 8	12.938493	100.898775	TUNNEL	0	0.8
62835477-2f66-4ea2-a2eb-1caa7e7f779c	ซอยพัทยา 6/1 ฝั่งชายหาด	12.942643	100.884765	TUNNEL	0	1.65
